age,VAI,hdl_c,abdominal,BMI,alt_ast,alt,Gtg,NAFLD
23.0,0.843684995,1.42,78.0,23.31,1.304347826,30.0,0.0,0.0
34.0,1.12402883,1.49,89.0,24.91,1.476190476,31.0,0.0,0.0
33.0,1.594987624,1.14,86.0,20.81,0.722222222,13.0,0.0,0.0
35.0,3.980199618,1.21,91.5,26.45,2.976744186,128.0,1.0,0.0
37.0,0.40664516,1.3,88.0,23.94,1.84,46.0,0.0,0.0
29.0,0.964040669,1.14,92.0,28.73,1.352941176,23.0,0.0,0.0
30.0,1.728926135,1.21,94.0,29.05,0.823529412,14.0,0.0,0.0
30.0,5.136775709,0.66,90.0,26.13,0.941176471,16.0,1.0,0.0
36.0,2.289167797,1.01,100.0,30.46,0.611111111,11.0,0.0,0.0
41.0,1.48084474,1.01,102.0,30.06,3.08,77.0,0.0,0.0
60.0,3.361957093,1.22,101.0,29.37,1.0,20.0,1.0,0.0
56.0,3.200199753,0.55,83.0,22.28,1.0,15.0,0.0,0.0
44.0,1.239212375,1.29,89.5,26.11,1.153846154,15.0,0.0,0.0
29.0,1.310270926,1.56,87.5,24.8,0.9375,15.0,0.0,0.0
35.0,1.011517913,1.62,75.0,21.09,0.833333333,15.0,0.0,0.0
29.0,0.97551564,1.19,106.0,28.93,1.176470588,20.0,0.0,0.0
29.0,0.591817581,1.36,73.0,22.68,0.833333333,10.0,0.0,0.0
33.0,0.838578232,1.19,90.5,26.22,1.0,21.0,0.0,0.0
52.0,0.607926886,2.1,92.5,25.95,1.361111111,49.0,0.0,0.0
40.0,0.906305551,1.52,95.5,27.89,0.761904762,16.0,0.0,0.0
25.0,0.5669888,1.49,91.0,26.26,1.458333333,35.0,0.0,0.0
29.0,0.578816982,1.7,84.5,23.94,0.833333333,15.0,0.0,0.0
36.0,1.5556239,1.32,85.5,26.22,1.1,22.0,0.0,0.0
39.0,1.728541327,1.29,94.5,25.95,2.0,36.0,0.0,0.0
45.0,1.808901234,1.33,102.0,29.0,1.368421053,26.0,1.0,0.0
43.0,0.975830531,1.8,91.0,25.1,1.0,18.0,0.0,0.0
28.0,1.550728178,1.13,91.0,23.16,0.928571429,13.0,0.0,0.0
27.0,0.829248163,1.08,67.0,18.37,0.722222222,13.0,0.0,0.0
35.0,0.85778586,1.8,75.0,21.64,1.2,30.0,0.0,0.0
33.0,1.450363116,1.27,96.0,24.73,2.352941176,40.0,0.0,0.0
51.0,1.015075818,1.6,84.0,24.03,0.904761905,19.0,0.0,0.0
51.0,1.003521943,1.65,85.0,22.38,1.285714286,27.0,0.0,0.0
34.0,0.789671446,1.49,76.5,18.92,0.727272727,8.0,0.0,0.0
33.0,4.71226481,0.7,99.0,34.88,1.736842105,33.0,1.0,0.0
49.0,1.085312669,1.2,85.0,27.95,0.933333333,14.0,0.0,0.0
32.0,1.152043716,1.38,89.0,25.54,1.875,30.0,0.0,0.0
34.0,3.011662979,1.04,86.0,23.66,1.269230769,33.0,1.0,0.0
38.0,0.841855622,1.51,85.0,21.0,0.688622754,115.0,0.0,0.0
26.0,0.52958454,1.52,84.0,27.47,1.136363636,25.0,0.0,0.0
50.0,1.149935696,1.48,80.0,22.46,1.166666667,21.0,0.0,0.0
26.0,0.784156693,0.98,95.0,27.4,1.666666667,30.0,0.0,0.0
54.0,1.230716463,1.39,93.0,24.86,1.272727273,14.0,0.0,0.0
36.0,2.900938709,1.41,93.0,28.73,1.416666667,34.0,1.0,0.0
35.0,0.362596835,1.66,83.0,19.94,0.65,13.0,0.0,0.0
43.0,4.11925898,0.94,82.5,24.73,1.789473684,34.0,1.0,0.0
22.0,1.347120807,1.23,87.0,24.54,1.347826087,31.0,0.0,0.0
56.0,1.07604139,1.39,73.5,21.63,0.882352941,15.0,0.0,0.0
37.0,1.287017718,1.35,95.0,28.09,1.285714286,18.0,0.0,0.0
52.0,0.577408423,2.51,78.0,22.86,0.904761905,19.0,0.0,0.0
35.0,1.561544476,1.19,94.5,25.22,0.9,18.0,0.0,0.0
31.0,1.532748549,1.36,78.0,22.94,1.047619048,22.0,1.0,0.0
38.0,0.635290952,1.65,97.0,25.0,0.875,21.0,0.0,0.0
33.0,1.275120442,1.17,67.0,16.66,0.588235294,10.0,0.0,0.0
53.0,2.621956782,1.17,95.0,25.95,1.85,37.0,1.0,0.0
47.0,0.55002421,1.73,83.0,22.49,1.0,18.0,0.0,0.0
48.0,3.490163235,1.12,98.5,28.33,1.842105263,70.0,1.0,0.0
29.0,1.57996474,1.21,86.0,25.31,0.888888889,16.0,0.0,0.0
35.0,0.759592808,1.62,88.0,24.42,1.166666667,21.0,0.0,0.0
38.0,0.941513589,1.35,74.5,21.41,0.888888889,16.0,0.0,0.0
35.0,2.394063395,1.58,99.0,27.94,3.023809524,127.0,1.0,0.0
64.0,1.922738542,1.36,98.0,28.08,0.75,12.0,1.0,0.0
37.0,0.679662783,1.98,78.0,21.04,0.684210526,13.0,0.0,0.0
31.0,1.956276299,1.3,78.5,20.24,1.909090909,42.0,1.0,0.0
26.0,0.834472605,1.24,93.0,26.32,0.777777778,14.0,0.0,0.0
31.0,1.392050086,1.46,74.0,19.63,0.933333333,14.0,0.0,0.0
30.0,1.040830055,1.89,68.0,18.51,0.785714286,11.0,0.0,0.0
29.0,1.937547956,0.99,89.0,23.78,0.95,19.0,0.0,0.0
38.0,1.838897068,1.14,76.0,24.56,1.391304348,32.0,0.0,0.0
29.0,1.381270621,1.34,99.5,27.99,1.133333333,17.0,0.0,0.0
78.0,2.113913104,1.15,109.0,30.46,1.161290323,36.0,1.0,0.0
32.0,0.935707055,1.51,69.0,18.03,1.095238095,23.0,0.0,0.0
26.0,0.540956321,1.62,89.5,27.29,1.382352941,47.0,0.0,0.0
31.0,1.85791524,1.12,109.0,28.86,2.173913043,50.0,0.0,0.0
32.0,0.905831245,1.25,79.5,20.43,0.714285714,20.0,0.0,0.0
36.0,1.372187595,1.02,93.0,26.03,1.666666667,25.0,0.0,0.0
33.0,1.808690005,0.93,89.0,26.35,1.15,23.0,0.0,0.0
26.0,0.854908969,1.09,87.5,26.17,1.333333333,16.0,0.0,0.0
35.0,2.611407073,1.1,89.0,23.12,0.966666667,29.0,1.0,0.0
38.0,2.194976819,0.7,95.5,27.08,0.807692308,21.0,0.0,0.0
28.0,0.761352797,1.27,104.5,27.38,1.5,24.0,0.0,0.0
68.0,1.519444486,1.24,95.0,26.99,1.269230769,33.0,0.0,0.0
28.0,1.761126008,1.01,81.0,25.88,1.166666667,21.0,0.0,0.0
27.0,2.015291842,1.13,83.0,21.55,1.043478261,24.0,1.0,0.0
24.0,1.408337843,1.43,96.0,26.51,1.0625,17.0,0.0,0.0
36.0,1.370705449,1.35,92.0,26.06,0.894736842,17.0,0.0,0.0
46.0,0.580163225,1.84,83.0,24.38,1.366666667,41.0,0.0,0.0
39.0,1.408121314,1.3,95.5,26.54,0.941176471,16.0,0.0,0.0
58.0,4.611101225,1.12,83.0,21.26,1.117647059,19.0,1.0,0.0
43.0,0.717631887,1.64,78.5,24.24,1.235294118,21.0,0.0,0.0
25.0,1.534613779,1.4,101.0,28.96,1.3,39.0,0.0,0.0
59.0,1.2018899,1.93,101.0,27.12,1.043478261,24.0,0.0,0.0
36.0,1.48800798,1.27,92.0,26.13,1.736842105,33.0,0.0,0.0
33.0,1.109179964,1.25,106.5,29.3,1.368421053,26.0,0.0,0.0
28.0,0.530716427,1.41,79.0,22.46,0.823529412,14.0,0.0,0.0
38.0,1.004478091,1.42,84.5,23.38,1.421052632,27.0,0.0,0.0
27.0,1.138764472,1.29,92.5,24.9,1.428571429,30.0,0.0,0.0
57.0,1.235529429,1.42,98.5,27.13,1.380952381,29.0,0.0,0.0
36.0,1.268796692,1.33,94.0,23.77,1.0,17.0,0.0,0.0
50.0,3.369100428,1.1,105.0,27.77,1.117647059,19.0,1.0,0.0
39.0,3.89347783,1.46,93.5,26.12,1.833333333,33.0,1.0,0.0
45.0,1.095020192,1.67,81.0,21.22,1.222222222,22.0,0.0,0.0
45.0,0.773043196,1.43,85.0,25.71,0.928571429,13.0,0.0,0.0
27.0,0.350109945,1.39,82.0,25.06,0.695652174,16.0,0.0,0.0
54.0,1.119483093,1.63,84.0,19.69,0.565217391,13.0,0.0,0.0
37.0,0.57680673,1.27,89.5,25.18,0.928571429,13.0,0.0,0.0
23.0,1.041610207,0.96,87.0,23.37,0.875,14.0,0.0,0.0
29.0,2.055021644,1.33,91.5,27.48,0.647058824,11.0,0.0,0.0
43.0,1.311106264,1.58,87.5,25.1,0.5625,9.0,0.0,0.0
29.0,1.118618616,1.48,68.0,18.98,0.785714286,11.0,0.0,0.0
31.0,0.988567445,1.54,80.0,20.82,1.583333333,19.0,0.0,0.0
77.0,0.605805965,1.38,95.5,27.58,1.2,36.0,0.0,0.0
54.0,0.591267148,1.26,89.5,26.84,1.15,23.0,0.0,0.0
20.0,0.390547197,2.13,67.0,17.24,0.941176471,16.0,0.0,0.0
48.0,1.481558408,1.17,84.5,26.56,0.894736842,17.0,0.0,0.0
53.0,1.568231668,1.87,79.5,23.63,0.888888889,16.0,0.0,0.0
32.0,1.112106511,1.34,85.5,23.53,1.56,39.0,0.0,0.0
43.0,1.493157653,1.41,78.0,22.58,0.909090909,20.0,0.0,0.0
38.0,5.661967307,0.82,98.0,28.73,1.741935484,54.0,1.0,0.0
47.0,1.238656558,1.88,85.5,23.24,1.0625,17.0,0.0,0.0
38.0,0.595335687,2.04,71.0,18.44,1.0,14.0,0.0,0.0
30.0,0.39245841,1.95,80.0,21.06,0.785714286,11.0,0.0,0.0
27.0,0.95253988,1.94,80.0,21.05,1.133333333,17.0,0.0,0.0
36.0,1.288393876,1.16,85.0,24.44,2.2,44.0,0.0,0.0
60.0,1.432588986,1.26,95.0,26.96,1.272727273,28.0,0.0,0.0
33.0,0.669983779,1.65,82.5,22.14,0.866666667,13.0,0.0,0.0
43.0,0.674486548,1.91,79.5,22.31,0.875,21.0,0.0,0.0
23.0,3.336644213,0.82,97.0,29.74,1.15,23.0,1.0,0.0
26.0,1.019251306,1.23,80.0,21.2,0.95,19.0,0.0,0.0
32.0,0.835989484,1.16,86.0,23.29,1.238095238,26.0,0.0,0.0
32.0,0.796393331,1.06,88.5,25.31,1.52173913,35.0,0.0,0.0
37.0,2.013397731,1.35,78.0,19.68,0.75,12.0,0.0,0.0
50.0,0.69224858,1.93,95.5,25.8,1.321428571,37.0,0.0,0.0
47.0,1.200272395,1.52,97.5,27.1,1.4,21.0,0.0,0.0
40.0,2.886244043,1.07,83.0,26.53,1.055555556,19.0,1.0,0.0
38.0,0.675528502,1.11,94.0,24.69,1.238095238,26.0,0.0,0.0
34.0,2.32915605,0.8,103.5,29.38,2.0,50.0,0.0,0.0
62.0,2.164433376,1.59,103.0,29.38,1.083333333,26.0,0.0,0.0
28.0,1.006388459,1.37,74.0,20.37,1.088888889,49.0,0.0,0.0
23.0,1.905398156,1.17,86.0,24.31,1.590909091,35.0,0.0,0.0
42.0,0.59744159,1.74,75.0,20.76,1.0,17.0,0.0,0.0
67.0,2.0694541,0.9,96.0,28.06,1.6,72.0,0.0,0.0
36.0,1.329609912,1.29,98.5,27.1,1.25,25.0,0.0,0.0
53.0,1.109702074,1.32,82.0,21.22,0.666666667,14.0,0.0,0.0
35.0,9.584688951,1.52,103.0,29.65,1.173913043,54.0,1.0,0.0
36.0,2.37609244,1.19,82.5,23.81,0.928571429,13.0,0.0,0.0
59.0,1.881456668,1.39,90.0,22.21,0.925925926,25.0,0.0,0.0
37.0,1.711988286,1.1,68.0,18.29,0.733333333,11.0,0.0,0.0
32.0,0.795870524,1.44,76.5,19.27,1.045454545,23.0,0.0,0.0
37.0,1.267337951,1.32,91.0,27.47,1.642857143,23.0,0.0,0.0
33.0,0.495444096,1.64,79.0,20.99,0.722222222,13.0,0.0,0.0
54.0,1.378041357,1.28,92.0,25.47,1.565217391,36.0,0.0,0.0
33.0,1.0582283,1.35,90.0,24.07,1.368421053,26.0,0.0,0.0
44.0,2.717797335,1.15,88.0,27.89,1.133333333,17.0,0.0,0.0
48.0,1.838411104,1.23,92.0,26.75,1.125,18.0,1.0,0.0
39.0,2.430473026,1.11,96.0,27.04,1.941176471,33.0,1.0,0.0
61.0,0.790252542,1.56,89.5,24.57,1.59375,51.0,0.0,0.0
38.0,1.262962016,1.72,67.0,21.37,1.066666667,16.0,0.0,0.0
34.0,1.212366579,1.55,79.5,20.55,0.833333333,15.0,0.0,0.0
28.0,0.652095499,1.58,75.5,20.58,1.133333333,17.0,0.0,0.0
28.0,0.551240419,1.41,93.0,23.12,1.125,18.0,0.0,0.0
37.0,1.404057837,1.29,78.0,25.64,0.8,12.0,0.0,0.0
32.0,2.809706612,1.05,71.0,18.81,0.5,8.0,0.0,0.0
35.0,8.102946371,0.78,107.0,28.6,2.333333333,42.0,1.0,0.0
29.0,0.81643849,1.08,89.0,27.92,1.333333333,32.0,0.0,0.0
46.0,3.70125015,1.19,99.5,28.41,1.269230769,33.0,1.0,0.0
31.0,0.917770205,1.72,81.0,24.46,1.090909091,24.0,0.0,0.0
50.0,1.782015228,1.02,93.0,25.73,1.090909091,24.0,0.0,0.0
38.0,1.351642363,1.51,91.0,26.25,1.454545455,32.0,0.0,0.0
35.0,1.830637882,1.45,85.0,22.06,0.473684211,9.0,0.0,0.0
42.0,1.51263062,1.14,95.0,27.14,1.523809524,64.0,0.0,0.0
38.0,0.362624633,2.01,68.5,17.97,0.578947368,11.0,0.0,0.0
34.0,2.164146877,1.03,91.0,28.33,2.952380952,62.0,1.0,0.0
34.0,1.819245212,0.91,105.5,31.49,2.625,42.0,0.0,0.0
41.0,0.816841907,1.38,81.0,20.7,0.789473684,15.0,0.0,0.0
35.0,1.121126224,1.0,86.2,27.14,1.933333333,29.0,0.0,0.0
37.0,1.901102634,0.91,85.0,20.11,1.290322581,40.0,0.0,0.0
27.0,0.989406448,1.4,92.0,25.56,1.24,31.0,0.0,0.0
39.0,0.916509883,1.28,96.0,25.1,0.785714286,11.0,0.0,0.0
36.0,0.729153528,1.77,69.5,21.45,0.8125,13.0,0.0,0.0
42.0,1.084720229,1.47,84.5,22.99,1.318181818,29.0,0.0,0.0
45.0,1.165173133,1.3,91.0,24.82,0.684210526,13.0,0.0,0.0
33.0,1.114839712,1.29,80.0,21.95,1.3,13.0,0.0,0.0
39.0,0.948603691,1.03,81.0,23.2,1.333333333,28.0,0.0,0.0
32.0,2.34220882,0.94,114.0,34.94,1.473684211,28.0,0.0,0.0
29.0,2.780363215,1.05,94.5,28.03,1.894736842,36.0,1.0,0.0
26.0,1.625169196,1.09,80.0,20.75,0.666666667,10.0,0.0,0.0
49.0,2.527457977,1.17,101.5,29.05,1.35483871,42.0,1.0,0.0
32.0,0.753306475,1.38,92.5,26.49,1.086956522,25.0,0.0,0.0
38.0,0.581900124,1.62,69.0,22.07,0.647058824,11.0,0.0,0.0
26.0,1.231529209,1.46,81.5,24.75,1.142857143,16.0,0.0,0.0
29.0,1.166994945,1.26,83.5,23.8,0.64516129,20.0,0.0,0.0
29.0,1.272539329,1.01,91.5,22.65,1.277777778,23.0,0.0,0.0
33.0,0.822397259,1.2,85.0,20.6,1.6,32.0,0.0,0.0
48.0,1.642035998,1.24,81.0,25.21,0.966666667,29.0,0.0,0.0
26.0,0.9039489,1.1,78.5,20.28,0.933333333,28.0,0.0,0.0
43.0,0.762688094,1.61,69.0,19.7,0.722222222,13.0,0.0,0.0
37.0,4.167610758,0.85,82.0,24.62,0.866666667,13.0,1.0,0.0
41.0,1.382436777,1.2,88.0,26.79,1.705882353,29.0,0.0,0.0
63.0,2.35015126,1.56,83.5,22.48,1.1875,38.0,1.0,0.0
30.0,1.791918463,1.18,87.0,26.4,0.5625,9.0,0.0,0.0
23.0,0.919069463,1.18,120.0,32.79,2.291666667,55.0,0.0,0.0
47.0,1.44636197,1.12,93.0,25.5,0.933333333,14.0,0.0,0.0
72.0,0.97774698,1.6,100.0,26.03,0.7,14.0,0.0,0.0
46.0,0.978978878,1.37,93.0,27.68,1.461538462,19.0,0.0,0.0
29.0,0.712682419,1.47,83.0,25.0,0.777777778,14.0,0.0,0.0
30.0,1.026256049,1.17,86.0,23.99,1.0,14.0,0.0,0.0
40.0,0.742907175,1.5,89.0,25.36,1.0,18.0,0.0,0.0
47.0,4.693278364,1.07,92.0,25.99,1.352941176,23.0,1.0,0.0
50.0,2.134766098,1.27,77.0,22.38,0.933333333,14.0,0.0,0.0
40.0,1.75584797,1.0,85.5,24.62,1.277777778,23.0,0.0,0.0
28.0,1.119467654,1.05,78.0,24.13,0.65,13.0,0.0,0.0
47.0,2.046915005,0.91,89.5,23.8,1.105263158,21.0,0.0,0.0
27.0,1.111865186,1.81,83.5,25.28,0.722222222,13.0,0.0,0.0
42.0,0.571237042,1.44,86.0,24.16,1.555555556,28.0,0.0,0.0
26.0,1.192053091,1.3,86.0,26.93,1.272727273,28.0,0.0,0.0
50.0,5.343907932,1.26,103.0,25.98,0.833333333,25.0,1.0,0.0
35.0,1.024638273,1.32,83.0,22.9,1.588235294,27.0,0.0,0.0
46.0,3.506274446,1.3,96.0,25.77,2.133333333,32.0,1.0,0.0
44.0,2.973530163,1.07,86.0,22.78,1.095238095,23.0,1.0,0.0
39.0,1.956438391,1.16,97.5,27.14,2.235294118,38.0,0.0,0.0
45.0,3.151589517,0.86,87.5,25.85,1.121212121,37.0,1.0,0.0
22.0,0.412707997,1.7,73.0,19.84,0.764705882,13.0,0.0,0.0
42.0,0.601511854,1.36,95.5,25.85,0.8,12.0,0.0,0.0
39.0,1.143389255,1.08,91.5,24.51,1.523809524,32.0,0.0,0.0
41.0,0.926420444,1.71,86.0,24.22,1.222222222,22.0,0.0,0.0
36.0,2.069629742,1.35,90.0,27.34,0.666666667,12.0,0.0,0.0
28.0,0.729711806,1.5,73.0,19.56,1.4,21.0,0.0,0.0
46.0,0.625434175,1.22,91.5,28.38,1.058823529,18.0,0.0,0.0
27.0,1.146320051,1.48,73.0,18.99,0.882352941,15.0,0.0,0.0
39.0,0.965009521,1.45,91.0,24.21,1.333333333,36.0,0.0,0.0
28.0,2.118848813,1.11,98.0,29.07,0.882352941,15.0,1.0,0.0
26.0,0.995476784,1.68,70.0,19.71,0.333333333,6.0,0.0,0.0
32.0,0.619941198,1.43,76.0,19.8,0.857142857,12.0,0.0,0.0
30.0,1.250381896,1.12,90.0,23.24,1.4,28.0,0.0,0.0
26.0,1.733846817,0.99,96.0,28.08,1.583333333,38.0,0.0,0.0
29.0,0.445737021,1.83,69.0,18.44,0.8125,13.0,0.0,0.0
26.0,1.498538555,0.92,85.5,24.09,1.291666667,31.0,0.0,0.0
33.0,1.042040976,1.43,74.0,21.99,0.95,19.0,0.0,0.0
26.0,1.009885077,1.51,90.0,24.81,0.9375,15.0,0.0,0.0
31.0,1.969289877,1.23,87.0,23.36,1.333333333,28.0,1.0,0.0
52.0,1.349896346,1.49,95.5,29.06,0.777777778,21.0,0.0,0.0
29.0,2.043200657,0.93,92.0,26.06,1.368421053,26.0,0.0,0.0
32.0,2.087501967,1.21,84.0,23.24,0.9375,15.0,0.0,0.0
37.0,0.957062357,1.63,85.5,26.9,1.142857143,24.0,0.0,0.0
35.0,1.328102866,1.46,99.5,31.83,1.3,26.0,0.0,0.0
26.0,0.736015131,1.46,76.0,21.2,0.9375,15.0,0.0,0.0
51.0,1.678754269,1.28,92.5,25.78,1.19047619,25.0,0.0,0.0
30.0,1.766567622,1.15,94.0,26.22,1.642857143,46.0,0.0,0.0
32.0,2.231214862,0.89,95.5,27.69,1.333333333,20.0,0.0,0.0
64.0,3.237460439,1.17,94.0,28.2,1.642857143,46.0,1.0,1.0
23.0,0.853176069,1.45,107.0,34.41,1.230769231,32.0,0.0,1.0
37.0,3.858113994,0.94,94.0,26.26,1.409090909,31.0,1.0,1.0
47.0,3.710153194,1.24,89.5,25.22,1.25,25.0,1.0,1.0
26.0,0.551739425,1.64,71.0,18.82,0.75,12.0,0.0,1.0
49.0,1.482470026,1.3,94.5,24.34,1.227272727,27.0,0.0,1.0
24.0,2.255702744,0.99,99.0,31.71,1.911764706,65.0,1.0,1.0
36.0,2.516373546,1.33,110.0,31.48,1.925925926,52.0,1.0,1.0
34.0,2.149848658,1.29,89.0,24.96,1.333333333,24.0,1.0,1.0
32.0,0.986415455,1.63,115.0,35.99,1.269230769,33.0,0.0,1.0
33.0,1.361270476,1.12,99.0,25.66,1.266666667,19.0,0.0,1.0
32.0,1.502761054,1.11,90.0,25.25,1.761904762,37.0,0.0,1.0
32.0,2.522859355,1.93,100.0,26.73,1.0,16.0,1.0,1.0
60.0,1.783422418,1.29,105.5,31.64,1.117647059,19.0,0.0,1.0
32.0,0.740749182,1.68,103.0,26.58,0.85,17.0,0.0,1.0
33.0,1.301437947,1.17,96.5,27.77,1.2,30.0,0.0,1.0
63.0,0.8755272,1.27,93.0,24.16,1.272727273,28.0,0.0,1.0
59.0,1.285737811,2.07,83.0,22.48,0.8,12.0,0.0,1.0
30.0,1.618908768,1.55,94.0,25.65,1.529411765,26.0,0.0,1.0
33.0,1.048831223,1.74,95.0,30.1,0.916666667,11.0,0.0,1.0
36.0,7.581937067,0.87,94.5,27.45,1.428571429,30.0,1.0,1.0
63.0,5.013145878,0.91,115.0,31.59,1.5,21.0,1.0,1.0
39.0,1.822701951,0.97,111.0,31.56,1.52173913,35.0,0.0,1.0
37.0,1.153999499,1.81,85.0,24.91,0.941176471,16.0,0.0,1.0
33.0,1.561594071,1.12,118.0,35.51,1.418604651,61.0,0.0,1.0
45.0,1.763207922,1.17,89.0,26.49,2.260869565,52.0,0.0,1.0
41.0,4.653440225,1.37,108.5,35.08,2.5,120.0,1.0,1.0
47.0,4.243776978,1.05,94.0,29.3,1.590909091,35.0,1.0,1.0
41.0,2.319674722,1.12,94.0,25.4,1.142857143,24.0,1.0,1.0
58.0,1.005967724,1.38,91.0,24.57,1.181818182,26.0,0.0,1.0
34.0,2.584797857,1.23,103.5,26.86,2.0,60.0,1.0,1.0
42.0,1.251406015,1.46,100.5,27.77,1.6875,27.0,0.0,1.0
30.0,0.53846679,1.39,88.0,27.34,2.0,98.0,0.0,1.0
32.0,1.426635864,1.37,90.0,25.31,2.157894737,82.0,0.0,1.0
50.0,4.134398738,0.81,92.0,25.1,1.461538462,38.0,1.0,1.0
29.0,2.080980394,1.09,106.0,32.37,1.8125,29.0,0.0,1.0
28.0,3.848663308,1.29,88.0,24.22,2.689655172,78.0,1.0,1.0
31.0,0.758585245,1.02,101.0,28.73,1.304347826,30.0,0.0,1.0
53.0,2.072347644,1.26,86.0,26.1,1.15,23.0,0.0,1.0
28.0,2.870295139,1.12,119.0,41.5,2.257142857,158.0,1.0,1.0
39.0,4.021481422,1.02,95.5,25.83,1.782608696,41.0,1.0,1.0
27.0,3.473790195,0.92,102.0,30.08,1.5,24.0,0.0,1.0
38.0,1.553136286,0.93,86.0,23.88,1.6,24.0,0.0,1.0
62.0,1.640507582,1.06,84.0,24.77,1.818181818,40.0,0.0,1.0
40.0,7.489335911,0.75,98.5,30.43,1.464285714,41.0,1.0,1.0
31.0,6.082953396,0.85,95.0,26.5,2.216216216,82.0,1.0,1.0
63.0,4.21021958,1.21,95.0,25.95,1.423076923,37.0,1.0,1.0
32.0,1.11884135,1.24,101.0,28.39,2.384615385,93.0,0.0,1.0
73.0,1.122104249,1.3,104.0,28.09,1.35,27.0,0.0,1.0
33.0,1.621639347,0.97,95.0,28.74,1.555555556,28.0,0.0,1.0
52.0,2.149456761,1.66,86.0,27.55,1.592592593,43.0,1.0,1.0
32.0,3.026484337,1.15,99.0,30.85,2.519230769,131.0,1.0,1.0
37.0,1.415321075,1.78,111.5,32.41,1.315789474,25.0,1.0,1.0
36.0,1.163860399,1.22,101.5,30.35,1.75,42.0,0.0,1.0
35.0,3.397937374,0.88,100.0,25.5,2.423076923,63.0,1.0,1.0
40.0,1.398745582,0.95,87.5,26.18,1.529411765,26.0,0.0,1.0
47.0,3.51161123,0.74,105.0,29.67,0.69047619,174.0,1.0,1.0
23.0,0.981186643,1.09,102.0,28.41,1.473684211,28.0,0.0,1.0
35.0,1.18105663,0.97,95.0,27.7,1.45,29.0,0.0,1.0
51.0,1.848194926,1.47,107.0,29.94,1.111111111,30.0,1.0,1.0
22.0,2.373619287,1.35,91.0,27.5,2.032258065,63.0,1.0,1.0
47.0,3.017429983,1.07,101.5,30.02,1.947368421,37.0,1.0,1.0
57.0,1.384446985,1.35,86.5,26.13,1.826086957,42.0,0.0,1.0
29.0,2.915779538,1.3,97.0,28.06,2.951219512,121.0,1.0,1.0
33.0,3.440579506,1.12,87.5,27.72,1.266666667,19.0,1.0,1.0
35.0,2.781587787,1.02,100.0,29.41,1.8,36.0,1.0,1.0
54.0,4.166458145,1.23,97.0,27.04,2.28,57.0,1.0,1.0
37.0,2.737543772,1.08,99.0,29.76,1.363636364,30.0,1.0,1.0
43.0,2.69086894,0.95,95.0,29.72,0.894736842,17.0,0.0,1.0
47.0,0.46030005,1.6,81.5,20.2,0.925925926,25.0,0.0,1.0
57.0,0.950419776,1.3,93.5,28.26,0.875,14.0,0.0,1.0
53.0,5.145016705,0.83,105.0,27.76,1.705882353,29.0,1.0,1.0
36.0,3.871422333,0.98,109.0,31.13,1.641025641,64.0,1.0,1.0
55.0,2.768834605,1.14,98.0,28.67,1.35,27.0,0.0,1.0
37.0,3.397316431,1.14,99.5,28.08,2.441860465,105.0,1.0,1.0
35.0,2.741910643,1.03,106.0,31.67,2.065217391,95.0,1.0,1.0
41.0,7.880150434,1.07,89.0,26.08,0.941176471,16.0,1.0,1.0
37.0,2.596284346,0.9,84.0,23.12,1.6,24.0,0.0,1.0
45.0,2.198510223,1.1,104.0,31.91,1.529411765,52.0,1.0,1.0
47.0,2.385620773,1.22,99.0,30.44,1.310344828,38.0,1.0,1.0
48.0,1.845119283,1.07,90.0,25.77,1.636363636,36.0,0.0,1.0
54.0,3.883000686,1.14,100.0,28.41,1.304347826,120.0,1.0,1.0
40.0,0.915902041,1.57,100.0,28.73,2.516129032,78.0,0.0,1.0
55.0,1.530299643,1.43,112.0,39.14,1.042553191,49.0,1.0,1.0
34.0,3.441319714,1.1,111.0,28.09,1.9375,62.0,1.0,1.0
48.0,1.742643487,1.22,96.0,27.77,0.894736842,17.0,0.0,1.0
26.0,1.265255638,1.26,80.5,26.77,1.5625,50.0,0.0,1.0
36.0,4.064073041,1.09,95.0,25.9,1.35483871,42.0,1.0,1.0
48.0,2.642699922,1.11,85.5,23.26,1.285714286,36.0,1.0,1.0
37.0,1.182360077,1.48,99.5,29.67,1.523809524,32.0,0.0,1.0
40.0,2.238661513,1.02,104.0,32.08,1.0,21.0,1.0,1.0
55.0,3.791123611,1.29,111.0,33.14,1.833333333,33.0,1.0,1.0
40.0,3.250635675,0.69,95.5,27.4,1.65,33.0,1.0,1.0
24.0,3.60556717,1.08,97.0,27.74,1.25,20.0,1.0,1.0
51.0,4.764200769,1.13,100.5,26.06,1.875,60.0,1.0,1.0
58.0,1.588806045,0.93,104.0,28.41,1.55,31.0,0.0,1.0
37.0,1.79145619,1.08,106.0,28.93,1.884615385,49.0,0.0,1.0
36.0,3.608363937,0.72,99.0,28.4,2.071428571,58.0,1.0,1.0
35.0,3.03994149,0.91,103.0,30.22,1.277777778,23.0,1.0,1.0
31.0,2.078634656,1.13,91.0,23.45,0.888888889,16.0,1.0,1.0
30.0,2.606194988,1.2,96.0,28.6,0.705882353,12.0,0.0,1.0
37.0,2.923237351,1.11,113.5,33.31,2.346153846,61.0,1.0,1.0
46.0,2.932196473,1.05,94.0,25.69,1.052631579,20.0,1.0,1.0
31.0,3.791812155,1.07,100.0,29.75,3.357142857,188.0,1.0,1.0
47.0,1.837081468,1.06,105.0,29.07,1.055555556,19.0,0.0,1.0
41.0,4.393568534,0.92,92.5,26.99,1.15,23.0,1.0,1.0
33.0,0.978091196,0.96,93.0,25.7,2.895833333,139.0,0.0,1.0
31.0,3.01825307,0.98,104.0,30.51,2.34375,75.0,1.0,1.0
55.0,2.24233929,1.37,82.0,26.23,1.1875,38.0,1.0,1.0
55.0,1.911402991,0.93,97.0,28.73,1.24,31.0,0.0,1.0
60.0,4.22024876,1.11,109.5,35.65,1.2,30.0,1.0,1.0
26.0,1.307473648,1.29,94.0,26.4,1.740740741,47.0,0.0,1.0
26.0,1.697782575,1.09,95.5,27.77,2.458333333,59.0,0.0,1.0
39.0,5.730497802,1.2,90.5,27.06,1.473684211,28.0,1.0,1.0
32.0,1.840067526,1.19,98.0,29.76,2.2,44.0,0.0,1.0
33.0,1.656959625,1.52,103.5,31.24,1.434782609,33.0,0.0,1.0
34.0,1.413574863,1.08,98.5,27.78,2.96969697,196.0,0.0,1.0
28.0,1.623933061,1.13,96.5,28.7,3.344827586,97.0,0.0,1.0
44.0,1.147564011,1.1,91.5,26.2,1.736842105,33.0,0.0,1.0
57.0,2.911612102,1.06,99.0,27.72,0.956521739,22.0,1.0,1.0
46.0,2.258305599,0.92,93.0,25.88,0.761904762,16.0,0.0,1.0
34.0,1.896942852,1.34,110.0,39.08,2.0,38.0,0.0,1.0
49.0,7.238630542,1.05,96.0,25.89,1.137931034,33.0,1.0,1.0
28.0,6.364958464,1.35,96.5,29.38,2.696969697,89.0,1.0,1.0
49.0,1.982083098,1.2,92.0,26.78,1.565217391,36.0,1.0,1.0
53.0,3.78845025,1.15,91.0,27.22,1.785714286,50.0,1.0,1.0
37.0,1.991185629,0.92,96.0,31.91,1.277777778,23.0,0.0,1.0
46.0,1.991812792,0.92,114.5,31.31,2.482758621,72.0,0.0,1.0
33.0,2.883022846,0.98,104.0,31.17,1.448275862,42.0,1.0,1.0
35.0,2.411447991,0.87,94.0,28.34,2.238095238,94.0,0.0,1.0
32.0,3.675872951,0.95,94.0,26.17,2.238095238,47.0,1.0,1.0
28.0,3.73222086,0.86,96.0,28.41,2.162162162,80.0,1.0,1.0
33.0,4.788951016,1.06,99.5,28.01,2.238095238,47.0,1.0,1.0
57.0,1.595472084,1.33,98.0,26.58,0.833333333,15.0,0.0,1.0
35.0,1.603727591,1.2,101.5,35.63,0.882352941,15.0,0.0,1.0
28.0,3.138919195,1.01,98.5,27.76,2.708333333,65.0,1.0,1.0
38.0,4.803191661,0.73,93.0,25.4,1.0,14.0,1.0,1.0
37.0,5.420507507,1.24,115.5,35.92,1.9375,124.0,1.0,1.0
54.0,2.042793751,1.34,88.0,25.12,1.84,46.0,0.0,1.0
44.0,1.501478958,1.16,111.0,34.08,1.055555556,19.0,0.0,1.0
46.0,5.19865808,1.62,95.0,25.82,1.269230769,33.0,1.0,1.0
29.0,3.979781862,0.85,91.0,28.03,1.727272727,38.0,1.0,1.0
44.0,1.989250073,1.39,106.0,31.8,1.608695652,37.0,1.0,1.0
27.0,1.861116142,1.18,98.0,27.85,1.583333333,57.0,0.0,1.0
38.0,1.646691057,1.5,85.5,24.01,1.214285714,17.0,0.0,1.0
35.0,3.183579206,1.05,107.0,30.25,1.043478261,24.0,1.0,1.0
42.0,1.546882519,1.29,100.0,28.73,1.516129032,47.0,0.0,1.0
30.0,3.923045077,1.13,101.0,30.78,1.666666667,35.0,1.0,1.0
32.0,3.505805238,1.1,94.0,27.15,1.92,48.0,1.0,1.0
38.0,1.139495598,1.37,96.0,28.4,1.727272727,57.0,0.0,1.0
26.0,1.620911539,0.91,102.0,28.95,2.175,87.0,0.0,1.0
61.0,3.336493237,0.91,93.5,26.81,0.875,21.0,1.0,1.0
29.0,1.444780509,1.22,91.5,25.25,2.915789474,277.0,0.0,1.0
35.0,2.974650201,0.94,94.0,25.47,1.391304348,32.0,1.0,1.0
41.0,10.74533326,0.96,88.0,24.69,1.227272727,27.0,1.0,1.0
29.0,1.156996668,1.05,86.0,24.39,2.133333333,64.0,0.0,1.0
35.0,2.27638794,1.26,99.0,28.63,2.303030303,76.0,1.0,1.0
41.0,1.210287201,1.37,99.0,27.12,1.52173913,35.0,0.0,1.0
59.0,3.32679346,1.3,110.0,30.42,1.083333333,26.0,1.0,1.0
40.0,1.141887947,1.12,85.3,25.82,1.842105263,35.0,0.0,1.0
47.0,4.66738048,1.41,97.5,28.73,1.363636364,30.0,1.0,1.0
54.0,1.654794009,1.48,108.0,28.37,1.307692308,34.0,0.0,1.0
44.0,1.665092825,1.24,89.0,25.26,2.0,62.0,0.0,1.0
25.0,2.090818842,1.29,92.5,22.28,2.5,60.0,1.0,1.0
31.0,2.283219063,1.02,106.0,29.7,2.333333333,56.0,0.0,1.0
43.0,2.192634021,1.1,97.5,30.86,1.80952381,38.0,1.0,1.0
49.0,1.744741223,1.17,89.5,25.35,1.0,22.0,0.0,1.0
50.0,3.709723579,0.92,98.0,29.4,2.052631579,39.0,1.0,1.0
55.0,1.806922019,1.01,93.0,24.4,1.052631579,20.0,0.0,1.0
62.0,1.254538078,1.24,98.0,26.2,0.85,17.0,0.0,1.0
55.0,1.43963514,0.98,107.5,29.41,1.47826087,34.0,0.0,1.0
41.0,1.823745522,1.41,90.0,28.34,0.941176471,16.0,0.0,1.0
32.0,1.620819219,1.39,91.0,26.44,1.2,36.0,1.0,1.0
54.0,2.652535131,1.5,96.5,25.91,0.47826087,11.0,1.0,1.0
24.0,3.16646221,0.89,89.0,25.42,2.111111111,57.0,1.0,1.0
62.0,3.647013158,1.62,94.0,29.3,1.462686567,98.0,1.0,1.0
38.0,0.555842607,1.38,86.5,26.4,0.857142857,18.0,0.0,1.0
47.0,3.589517424,1.13,99.5,29.4,1.125,27.0,1.0,1.0
39.0,2.011261472,1.14,95.5,29.05,0.8,16.0,1.0,1.0
37.0,2.570516241,0.96,90.0,25.91,1.291666667,31.0,0.0,1.0
64.0,2.39324893,2.18,85.5,23.53,0.833333333,15.0,1.0,1.0
37.0,2.590634333,0.98,87.5,23.84,1.4,28.0,1.0,1.0
36.0,1.748035545,1.53,96.0,27.46,2.297297297,85.0,1.0,1.0
33.0,8.21169055,1.24,83.5,25.32,1.958333333,47.0,1.0,1.0
42.0,1.124821491,1.14,87.5,26.17,1.178571429,33.0,0.0,1.0
24.0,1.965355033,1.05,113.0,34.09,2.0,44.0,0.0,1.0
41.0,1.37613893,0.94,95.0,28.08,1.75,28.0,0.0,1.0
34.0,1.413703648,1.08,91.0,24.86,2.447368421,93.0,0.0,1.0
41.0,1.599052614,1.17,86.0,24.46,0.904761905,19.0,0.0,1.0
27.0,1.41454389,1.62,95.0,26.79,0.764705882,13.0,0.0,1.0
36.0,1.308528316,1.33,97.0,28.34,0.6875,11.0,0.0,1.0
35.0,1.660136817,1.48,92.0,25.25,1.454545455,32.0,1.0,1.0
42.0,3.421812467,1.0,97.5,27.47,1.294117647,22.0,1.0,1.0
36.0,2.669710129,1.11,105.5,31.88,1.941176471,132.0,1.0,1.0
40.0,2.204700813,0.93,98.5,27.47,2.305555556,83.0,0.0,1.0
31.0,3.788757255,0.86,94.0,28.73,1.428571429,20.0,1.0,1.0
37.0,4.046198581,0.87,104.0,30.35,1.65,33.0,1.0,1.0
36.0,3.503414944,1.29,91.0,26.99,1.636363636,54.0,1.0,1.0
31.0,2.03374189,1.09,113.5,29.48,1.125,18.0,0.0,1.0
32.0,2.862001161,0.99,87.0,24.62,0.666666667,10.0,0.0,1.0
39.0,4.02290834,1.02,102.0,29.76,1.416666667,34.0,1.0,1.0
20.0,2.9565686,1.05,101.0,28.39,2.193548387,68.0,1.0,1.0
38.0,3.159420649,0.86,102.0,31.21,1.931034483,56.0,1.0,1.0
46.0,1.32952378,1.27,97.0,26.45,1.444444444,39.0,0.0,1.0
25.0,0.458455859,1.31,88.0,25.01,1.407407407,38.0,0.0,1.0
45.0,1.642810259,1.49,94.5,26.7,1.47826087,34.0,1.0,1.0
25.0,4.583903739,0.92,90.0,27.05,1.526315789,29.0,1.0,1.0
63.0,2.897713908,1.1,93.0,24.26,1.4,21.0,1.0,1.0
48.0,2.527268084,1.48,84.0,25.65,0.923076923,24.0,1.0,1.0
32.0,1.111375115,1.13,81.0,23.4,1.0,17.0,0.0,1.0
23.0,3.835775202,1.2,95.0,28.74,2.0,76.0,1.0,1.0
57.0,2.480187981,1.18,97.0,28.38,1.0,16.0,1.0,1.0
44.0,1.493926568,1.38,86.5,23.72,1.3,26.0,0.0,1.0
47.0,0.7967225,1.89,90.0,28.12,1.0,14.0,0.0,1.0
54.0,3.318348677,1.29,94.0,26.22,1.391304348,32.0,1.0,1.0
42.0,3.727878032,0.93,92.0,25.39,1.409090909,31.0,1.0,1.0
28.0,2.186719509,1.05,91.0,25.83,1.863636364,41.0,1.0,1.0
56.0,1.788856071,1.17,96.0,26.37,1.263157895,24.0,0.0,1.0
28.0,5.531444758,0.72,99.0,29.68,2.035714286,57.0,1.0,1.0
45.0,2.948155317,1.23,88.0,24.98,1.588235294,27.0,1.0,1.0
48.0,2.797411664,1.16,90.5,27.76,1.923076923,50.0,1.0,1.0
30.0,3.585946513,0.78,111.0,35.51,2.305555556,83.0,1.0,1.0
62.0,2.147498465,1.55,106.0,29.97,1.066666667,16.0,0.0,1.0
56.0,6.946685285,1.11,108.0,30.39,1.76,44.0,1.0,1.0
45.0,6.907841008,1.14,107.5,29.73,1.806451613,56.0,1.0,1.0
40.0,1.787792298,1.28,108.0,29.34,1.651162791,71.0,0.0,1.0
59.0,1.141434144,1.73,81.0,21.78,1.045454545,23.0,0.0,1.0
29.0,1.946320769,0.99,85.0,23.36,1.7,34.0,0.0,1.0
44.0,3.5933201,0.9,103.5,29.99,1.470588235,25.0,1.0,1.0
37.0,3.633733639,1.07,98.0,30.56,1.578947368,30.0,1.0,1.0
28.0,2.429517919,1.38,109.5,30.19,1.729166667,83.0,1.0,1.0
48.0,7.51809371,1.41,101.0,30.07,1.595238095,67.0,1.0,1.0
36.0,2.563155404,1.01,92.5,26.03,1.75,42.0,1.0,1.0
48.0,2.36376426,1.27,106.5,30.48,1.523809524,32.0,0.0,1.0
38.0,1.92853333,1.17,94.5,25.36,1.5,24.0,0.0,1.0
26.0,1.655138061,1.42,96.0,28.08,0.941176471,16.0,1.0,1.0
70.0,2.664804913,1.6,105.5,25.85,0.894736842,17.0,1.0,1.0
48.0,0.990096884,1.52,81.5,23.59,1.222222222,22.0,0.0,1.0
31.0,3.023603959,1.14,104.0,35.3,1.3,26.0,1.0,1.0
48.0,1.724018192,0.88,104.0,30.37,1.791666667,43.0,0.0,1.0
37.0,2.695927757,1.11,99.0,30.37,2.666666667,48.0,1.0,1.0
36.0,1.480241073,1.33,85.0,26.62,1.176470588,20.0,0.0,1.0
40.0,3.483480524,1.08,90.0,25.06,1.347826087,31.0,1.0,1.0
36.0,2.554964277,1.27,91.5,23.1,1.666666667,30.0,1.0,1.0
45.0,4.396163904,1.08,104.0,29.38,2.571428571,36.0,1.0,1.0
38.0,2.102850937,1.02,124.0,34.43,2.0,36.0,0.0,1.0
28.0,1.605526361,1.11,91.0,26.99,1.714285714,36.0,0.0,1.0
37.0,1.090533572,1.79,93.0,26.47,2.128205128,83.0,0.0,1.0
31.0,2.3388773,0.88,123.0,36.13,3.151515152,104.0,0.0,1.0
